Player,Pred
LeBron James,104.082192463816
James Harden,99.3447334275966
Kevin Durant,79.3127437374141
Russell Westbrook,76.9360939666669
Anthony Davis,75.9138694901453
