"Player","Pct"
"James Harden",34.3761103997524
"Paul George",11.3032061684745
"Kemba Walker",10.585154615121
"Damian Lillard",10.0803005659904
"Giannis Antetokounmpo",9.5176089276127
"Kevin Durant",9.24078413800447
"Bradley Beal",9.00861229098908
"Russell Westbrook",3.21152163224315
"Karl-Anthony Towns",2.6767012618123
"Joel Embiid",0
