"Player","Pct"
"James Harden",22.4027716378107
"Giannis Antetokounmpo",17.8881807028462
"Kevin Durant",16.0396913542691
"Damian Lillard",11.5806560104648
"Kawhi Leonard",8.60626306952782
"Joel Embiid",7.33367423132904
"Russell Westbrook",7.26509991341801
"Nikola Jokic",4.70739070364857
"Paul George",4.17627237668574
"LeBron James",0
