"Player","Pct"
"James Harden",28.3369969161395
"Giannis Antetokounmpo",17.0308909222813
"Kevin Durant",14.0770542380203
"Stephen Curry",13.9793502611958
"Damian Lillard",12.4843043385994
"Russell Westbrook",4.41364292881705
"Nikola Jokic",4.33370897330513
"Kawhi Leonard",4.15226257000508
"Joel Embiid",1.19178885163636
"Ben Simmons",0
